model,language,num_queries,corpus_size,mrr,recall@1,recall@5,recall@10,recall@20,recall@100,corpus_encoding_minutes,query_encoding_minutes,retrieval_seconds,total_minutes
BAAI/bge-m3,as,1000,1000,0.8072618087527805,0.746,0.875,0.911,0.936,0.977,7.752866319815317,0.9679657340049743,0.01600503921508789,8.782798318068187
BAAI/bge-m3,bn,1000,1000,0.8602174384964006,0.811,0.913,0.943,0.964,0.986,24.469368426005044,0.812268869082133,0.013009786605834961,25.345247574647267
BAAI/bge-m3,gu,999,999,0.8335902334081124,0.7677677677677678,0.913913913913914,0.9369369369369369,0.9529529529529529,0.978978978978979,6.390026406447093,0.9151260534922282,0.011009693145751953,7.374973165988922
BAAI/bge-m3,hi,1000,1000,0.8862929424512407,0.84,0.944,0.957,0.969,0.991,10.385009988149006,2.221998465061188,0.024003982543945312,12.667656648159028
BAAI/bge-m3,kn,1000,1000,0.8378934069215094,0.786,0.9,0.92,0.937,0.979,22.73484551111857,2.6235075275103252,0.02400350570678711,25.43339232603709
BAAI/bge-m3,ml,1000,1000,0.8404720838942166,0.788,0.9,0.927,0.946,0.983,15.802806425094605,0.8231201767921448,0.007004499435424805,16.69160250425339
BAAI/bge-m3,mr,1000,1000,0.8521290754210539,0.8,0.917,0.939,0.956,0.982,12.936169803142548,0.7693038900693258,0.007999181747436523,13.763162930806478
BAAI/bge-m3,ne,1000,1000,0.8504191500746675,0.795,0.921,0.944,0.959,0.983,4.970997492472331,0.7537946144739787,0.010997772216796875,5.781747949123383
BAAI/bge-m3,or,1000,1000,0.7952590907475449,0.731,0.875,0.905,0.927,0.969,5.884947506586711,0.873198135693868,0.011000633239746094,6.819602596759796
BAAI/bge-m3,pa,1000,1000,0.8298444141614502,0.773,0.899,0.919,0.937,0.979,13.25399553378423,2.442903669675191,0.02288031578063965,15.757342851161956
BAAI/bge-m3,ta,1000,1000,0.8077995328762361,0.748,0.883,0.915,0.939,0.983,12.04758915901184,2.204080502192179,0.023096084594726562,14.319720983505249
BAAI/bge-m3,te,1000,1000,0.861111611593009,0.812,0.919,0.942,0.958,0.983,16.55617501338323,0.9211371382077534,0.01400613784790039,17.54161554177602
BAAI/bge-m3,ur,1000,1000,0.8365430749427611,0.781,0.901,0.92,0.949,0.979,8.089278411865234,1.9883155624071758,0.017997264862060547,10.15603867371877
