MRR,MRR@10,R@1,R@5,R@10,R@20,R@100,nDCG@10,n_queries,model,key,setting,n_docs
0.4616376530636912,0.4561734126984126,0.38,0.557,0.599,0.643,0.72,0.4909023506276265,1000,bm25,as,mono,1000
0.6188722488087833,0.6151738095238095,0.537,0.718,0.772,0.803,0.851,0.6530696575743116,1000,bm25,bn,mono,1000
0.5465418982689173,0.5413770913770912,0.4684684684684684,0.6446446446446447,0.6876876876876877,0.7287287287287287,0.7997997997997998,0.5768077013199299,999,bm25,gu,mono,999
0.7116974055671412,0.7087182539682539,0.637,0.8,0.842,0.866,0.904,0.7412287107423573,1000,bm25,hi,mono,1000
0.5380211634794316,0.5353853174603176,0.476,0.624,0.663,0.684,0.717,0.5661406472711639,1000,bm25,kn,mono,1000
0.5248086542111701,0.5216190476190475,0.455,0.618,0.662,0.687,0.73,0.5554789126452242,1000,bm25,ml,mono,1000
0.5096797290372916,0.504625,0.432,0.609,0.663,0.702,0.772,0.5427492495231111,1000,bm25,mr,mono,1000
0.5051540305877542,0.4997972222222222,0.428,0.593,0.661,0.707,0.77,0.5383789491515849,1000,bm25,ne,mono,1000
0.5171813300882916,0.5120150793650794,0.448,0.593,0.652,0.698,0.766,0.5454511817316707,1000,bm25,or,mono,1000
0.6532280181707166,0.649536507936508,0.575,0.751,0.799,0.828,0.882,0.6856868103862787,1000,bm25,pa,mono,1000
0.5254595809406747,0.5201714285714286,0.456,0.594,0.679,0.73,0.777,0.5577735648913243,1000,bm25,ta,mono,1000
0.5813845737421742,0.5775698412698412,0.49,0.698,0.753,0.787,0.824,0.6200275349138369,1000,bm25,te,mono,1000
0.6529499941517025,0.6486305555555555,0.58,0.738,0.789,0.826,0.881,0.682467681539969,1000,bm25,ur,mono,1000
0.6324140611601149,0.6256456349206349,0.542,0.751,0.802,0.858,0.949,0.6681469705715426,1000,mE5-small,as,mono,1000
0.7772654213809337,0.7735246031746033,0.704,0.858,0.903,0.939,0.978,0.8049477115715006,1000,mE5-small,bn,mono,1000
0.6900125187661839,0.6846544957656069,0.6076076076076076,0.7897897897897898,0.8438438438438438,0.8948948948948949,0.961961961961962,0.7230912928412097,999,mE5-small,gu,mono,999
0.8787864090473311,0.877061507936508,0.831,0.936,0.951,0.964,0.989,0.8953804165862594,1000,mE5-small,hi,mono,1000
0.7616232513624469,0.7573507936507936,0.692,0.849,0.875,0.913,0.963,0.7862021570424389,1000,mE5-small,kn,mono,1000
0.7547753557116835,0.7511408730158731,0.673,0.849,0.892,0.923,0.978,0.7855444434263806,1000,mE5-small,ml,mono,1000
0.7726460145086109,0.7695551587301587,0.706,0.854,0.898,0.925,0.966,0.8005868447751565,1000,mE5-small,mr,mono,1000
0.7858440158289596,0.782586507936508,0.717,0.865,0.906,0.934,0.971,0.8125391818795482,1000,mE5-small,ne,mono,1000
0.6827214488467946,0.6775484126984127,0.602,0.774,0.834,0.884,0.949,0.715187318520076,1000,mE5-small,or,mono,1000
0.6947406627918082,0.6891543650793651,0.615,0.787,0.835,0.882,0.957,0.7244647675655163,1000,mE5-small,pa,mono,1000
0.7501467144152718,0.7458662698412698,0.688,0.82,0.865,0.9,0.962,0.7745456200000147,1000,mE5-small,ta,mono,1000
0.7766845718833759,0.7737448412698412,0.707,0.86,0.898,0.923,0.967,0.8039907586918562,1000,mE5-small,te,mono,1000
0.7514655605108957,0.7475361111111112,0.675,0.841,0.886,0.922,0.973,0.7811990922461138,1000,mE5-small,ur,mono,1000
0.702802270081564,0.698011507936508,0.62,0.797,0.851,0.888,0.963,0.7349763751157661,1000,mE5-base,as,mono,1000
0.8089360954166533,0.806163492063492,0.749,0.887,0.92,0.942,0.982,0.8337872278196544,1000,mE5-base,bn,mono,1000
0.7283649519533608,0.7234738706960929,0.6536536536536537,0.8138138138138138,0.8588588588588588,0.9029029029029028,0.961961961961962,0.7563442195418164,999,mE5-base,gu,mono,999
0.8763755178927896,0.8749896825396825,0.827,0.939,0.953,0.964,0.988,0.8943203484792615,1000,mE5-base,hi,mono,1000
0.7717031508833547,0.7678936507936508,0.706,0.855,0.884,0.917,0.975,0.7962021942723084,1000,mE5-base,kn,mono,1000
0.7747349654966029,0.7710507936507935,0.707,0.854,0.892,0.924,0.975,0.800463368548873,1000,mE5-base,ml,mono,1000
0.800079911260517,0.7970587301587302,0.734,0.882,0.913,0.943,0.976,0.8253924889510911,1000,mE5-base,mr,mono,1000
0.7899806936127536,0.786559126984127,0.719,0.873,0.903,0.934,0.975,0.8151448483337868,1000,mE5-base,ne,mono,1000
0.708472343176978,0.703956746031746,0.638,0.782,0.84,0.881,0.947,0.7366453724265313,1000,mE5-base,or,mono,1000
0.7358076264356463,0.7312440476190476,0.669,0.814,0.856,0.891,0.957,0.7614085539804843,1000,mE5-base,pa,mono,1000
0.774185069673593,0.7704920634920635,0.711,0.847,0.889,0.918,0.974,0.7991759767471631,1000,mE5-base,ta,mono,1000
0.8021484008330934,0.7993059523809524,0.739,0.873,0.904,0.926,0.974,0.824914541982552,1000,mE5-base,te,mono,1000
0.7787908698390051,0.7753285714285714,0.714,0.857,0.896,0.927,0.974,0.8045814984607335,1000,mE5-base,ur,mono,1000
0.770631122999196,0.7664428571428571,0.703,0.846,0.888,0.925,0.975,0.7958899127165371,1000,mE5-large,as,mono,1000
0.8709004174377566,0.868902380952381,0.825,0.931,0.949,0.969,0.989,0.8885658013296066,1000,mE5-large,bn,mono,1000
0.803482172473092,0.8001990085323418,0.7367367367367368,0.8798798798798799,0.908908908908909,0.93993993993994,0.980980980980981,0.826866989324391,999,mE5-large,gu,mono,999
0.9100712062559716,0.9090396825396824,0.871,0.954,0.969,0.978,0.991,0.9238629909792816,1000,mE5-large,hi,mono,1000
0.8193372163692273,0.8162507936507937,0.757,0.893,0.913,0.943,0.976,0.8401597439438343,1000,mE5-large,kn,mono,1000
0.8405683494393574,0.838670634920635,0.78,0.908,0.945,0.965,0.984,0.8645174360328529,1000,mE5-large,ml,mono,1000
0.8539096434240073,0.8521765873015872,0.797,0.929,0.945,0.957,0.987,0.875131410747141,1000,mE5-large,mr,mono,1000
0.8446376167189147,0.8428555555555556,0.782,0.92,0.944,0.959,0.986,0.8677917451508514,1000,mE5-large,ne,mono,1000
0.7814655224054617,0.777906349206349,0.714,0.862,0.898,0.931,0.973,0.8072043422982409,1000,mE5-large,or,mono,1000
0.8331894054534119,0.8304579365079365,0.782,0.89,0.916,0.935,0.98,0.8513909639805501,1000,mE5-large,pa,mono,1000
0.8226203160975849,0.820297619047619,0.764,0.899,0.928,0.945,0.979,0.8465701081208258,1000,mE5-large,ta,mono,1000
0.8575801385321284,0.8557126984126985,0.809,0.918,0.939,0.953,0.982,0.8761293088282509,1000,mE5-large,te,mono,1000
0.838032861065005,0.8360329365079365,0.778,0.912,0.931,0.948,0.976,0.85956137532708,1000,mE5-large,ur,mono,1000
