language,BM25,E5-small,E5-base,E5-large,BGE-M3
as,0.4616376530636912,0.6324140611601149,0.702802270081564,0.770631122999196,0.8072618087527805
bn,0.6188722488087833,0.7772654213809337,0.8089360954166533,0.8709004174377566,0.8602174384964006
gu,0.5465418982689173,0.6900125187661839,0.7283649519533608,0.803482172473092,0.8335902334081124
hi,0.7116974055671412,0.8787864090473311,0.8763755178927896,0.9100712062559716,0.8862929424512407
kn,0.5380211634794316,0.7616232513624469,0.7717031508833547,0.8193372163692273,0.8378934069215094
ml,0.5248086542111701,0.7547753557116835,0.7747349654966029,0.8405683494393574,0.8404720838942166
mr,0.5096797290372916,0.7726460145086109,0.800079911260517,0.8539096434240073,0.8521290754210539
ne,0.5051540305877542,0.7858440158289596,0.7899806936127536,0.8446376167189147,0.8504191500746675
or,0.5171813300882916,0.6827214488467946,0.708472343176978,0.7814655224054617,0.7952590907475449
pa,0.6532280181707166,0.6947406627918082,0.7358076264356463,0.8331894054534119,0.8298444141614502
ta,0.5254595809406747,0.7501467144152718,0.774185069673593,0.8226203160975849,0.8077995328762361
te,0.5813845737421742,0.7766845718833759,0.8021484008330934,0.8575801385321284,0.861111611593009
ur,0.6529499941517025,0.7514655605108957,0.7787908698390051,0.838032861065005,0.8365430749427611
